code,client_lpb,lpb_sha256,decoded_luac_sha256
com0l1,script/tp5rq/r75w9s1v/7vx/7vxjyi.le.lpb,2dfea2f3bc50436196bd0ae1a1898ec323ac5f5c53a1dbbedc36c0e59df02ec9,f656804d0c90dc49ef6d05d713a117fcf7d0dad90a36c9381b823e6ccbc7e355
com0l2,script/tp5rq/r75w9s1v/7vx/7vxjyh.le.lpb,0877b55cec23f148ff81df0def1abc442a3b1fe5d0ff86ce1699ed416ef0db78,e73740a8efeecd5609e9ba47dd1404b58350350585dc0919c79b96c7f48629a1
com0l3,script/tp5rq/r75w9s1v/7vx/7vxjyg.le.lpb,a12643255e08a412cffab775e7ed2899e0b4767790efd430cbea7540feb590d6,dd8786e77016b71a6c5f59c4ba1f4cdbf38fa5695fe4116e99b661a0cf77b3a3
com0l4,script/tp5rq/r75w9s1v/7vx/7vxjyf.le.lpb,33ad4e66044b0bbf40b39ce642b30c456a158b06ca28878449d56642aaf4ea11,a456a6568b823067dce123dd0bd9bbef52c90e60a3502694e5cd940aa7957ec3
com5l0,script/tp5rq/r75w9s1v/7vx/7vxeyj.le.lpb,54179dfd6645aec39df78498f4a1c0738d538afa4b62f2c049732e88e6c44b7f,967d64d9d3ce2cc5306b786c5435b9974077bbc018d684dd0ae54e74d1d1b485
com5l1,script/tp5rq/r75w9s1v/7vx/7vxeyi.le.lpb,3af5bc097ce25cb7cc94df8ef4940f6c69455559bfb63fb84956ed9198471f6c,3487345a279fa61e7b1e3630d2f11e86ba9211ea0d9eb594e1837bd600bb93e3
com0g1,script/tp5rq/r75w9s1v/7vx/7vxj3i.le.lpb,776d6d157564cc7e75ae5733f8a0ff81ed016a0852fa6aa37b7a686fbb46c8cc,04c37f1274ccdc5fba67620b63feb3062cb0395dfafad7817e7490458e7221b5
com0g2,script/tp5rq/r75w9s1v/7vx/7vxj3h.le.lpb,0056b86474ae0950353baa50450cd621398f4dbe60d1feac66bf4ba0e7f84604,cd98f56dd6cc8b364537b6125be17ec67cc64f209a24e2520fab3a6a5a84bf57
com0g3,script/tp5rq/r75w9s1v/7vx/7vxj3g.le.lpb,d2103d7fb79e01503455d157edce3048e089ac93d98b3f5bdad6105ebda2e247,3adf4a972c7e09099e796bd7662f316e07fd5cd87279adcd3989dd1c1dac528c
com0g4,script/tp5rq/r75w9s1v/7vx/7vxj3f.le.lpb,7d6af2a009754c16d5916a1e9eaaea5dfcf3b858ba6ac3837ce2d64cb3620a77,ae036f7af350425c8f5ce5e8750959d18ff72076b14db9e69e78e9c56c039aca
com5g0,script/tp5rq/r75w9s1v/7vx/7vxe3j.le.lpb,db63e8787cd16a9f894e1efc99cd308b90883e2280f29cc90746abf2624d6ec4,388f15d7bd5f60e195fa9614a8c79c46d78e81ee569eea4aa2fc67c9c250f7da
com5g1,script/tp5rq/r75w9s1v/7vx/7vxe3i.le.lpb,f754cc4a8fdd83fcdb588eb62070c7b3602eee90385b321cdeaa5095b7011e86,dcd118d14efef9b934b801b09bae087f22f843cb9769d828593f18d14867cddf
com0u1,script/tp5rq/r75w9s1v/7vx/7vxjpi.le.lpb,0dd795e3844fb4f8d2c16c356524860880ffa07c4f74a6ef7c1da12a5c793bf7,7ab6232bed5d19a55ffac68c02afa02620bcf81624725230fc83496ab0d3cf47
com0u2,script/tp5rq/r75w9s1v/7vx/7vxjph.le.lpb,23199e666b7cab44519eb1df33b38a038b36c6e4ae9a469e4ef1c336b8a1c272,80c320cafa8fc3448dc5d99ab4db6fc889630e5155aa5d18ee260ba0e80371ec
com0u3,script/tp5rq/r75w9s1v/7vx/7vxjpg.le.lpb,3c019f0935d3998ee449006e9e5509d68a49521b0bd5ecfc3c77fd6d3a9edc44,4bf6ee43f74e6a96de0ad43be703c4e2011555c9c86cd75897a81e00d31d8f94
com0u4,script/tp5rq/r75w9s1v/7vx/7vxjpf.le.lpb,4e8d985293c3a8050a172a3ea5fb1381176526e8e77b24341d0c2b3911724054,110228574bff5ad9d4ab79ec71702d3c52725d9e9b1c7eeb34428986b178f9c6
com5u0,script/tp5rq/r75w9s1v/7vx/7vxepj.le.lpb,8c31f285f3dbefd616396741a520047bd1bec790030bbbf8365a143444d1f5e6,163664b698b15f47cadbd37dff26bfb3dc0677c4a392d3972092a40474812816
com5u1,script/tp5rq/r75w9s1v/7vx/7vxepi.le.lpb,dae79de9b8b8af5bc40e1bebed486819fa80ea57dfb3655abfeec9a78dd5c033,6f613c8c49726fcc3608ad8d9bb919e180a0e787ddbd3e642038f94273fd0888
